<?xml version="1.0" encoding="UTF-8"?>
<beans xmlns="http://www.springframework.org/schema/beans"
  xmlns:xsi="http://www.w3.org/2001/XMLSchema-instance"
  xmlns:context="http://www.springframework.org/schema/context"
  xsi:schemaLocation="http://www.springframework.org/schema/beans
  http://www.springframework.org/schema/beans/spring-beans-3.0.xsd
  http://www.springframework.org/schema/context
  http://www.springframework.org/schema/context/spring-context-3.0.xsd">
  <context:annotation-config/>
  <context:component-scan base-package="lt2021.projektas"/>
  <!-- bean definitions go here 
 
 	
 				<bean id="product1" class="it.akademija.model.Product">		
 					<property name="id" value="2" />		
 					<property name="title" value="BEAN" />		
 					<property name="image" value="nokia.jpg" />		
 					<property name="description" value="description descriptiondescription" />		
 					<property name="price" value="209.1" />		
 					<property name="quantity" value="20" />		
 				</bean>		
 				
-->
</beans>